Arts & Humanities ,Life Sciences & Biomedicine ,Physical Sciences ,Social Sciences ,Technology 
Architecture,Agriculture,Astronomy & Astrophysics,Archaeology,Acoustics
Art,Allergy,Chemistry,Area Studies,Automation & Control Systems
Arts & Humanities Other Topics,Anatomy & Morphology,Crystallography,Biomedical Social Sciences,Computer Science
Asian Studies,Anesthesiology,Electrochemistry,Business & Economics,Construction & Building Technology
Classics,Anthropology,Geochemistry & Geophysics,Communication,Energy & Fuels
Dance,Audiology & Speech-Language Pathology,Geology,Criminology & Penology,Engineering
"Film, Radio & Television",Behavioral Sciences,Mathematics,Cultural Studies,Imaging Science & Photographic Technology
History,Biochemistry & Molecular Biology,Meteorology & Atmospheric Sciences,Demography,Information Science & Library Science
History & Philosophy of Science,Biodiversity & Conservation,Mineralogy,Development Studies,Instruments & Instrumentation
Literature,Biophysics,Mining & Mineral Processing,Education & Educational Research,Materials Science
Music,Biotechnology & Applied Microbiology,Oceanography,Ethnic Studies,Mechanics
Philosophy,Cardiovascular System & Cardiology,Optics,Family Studies,Metallurgy & Metallurgical Engineering
Religion,Cell Biology,Physical Geography,Geography,Microscopy
Theater,Critical Care Medicine,Physics,Government & Law,Nuclear Science & Technology
Ethics,"Dentistry, Oral Surgery & Medicine",Polymer Science,International Relations,Operations Research & Management Science
"Hospitality, Leisure, Sport & Tourism",Dermatology,Thermodynamics,Linguistics,Remote Sensing
,Developmental Biology,Water Resources,Mathematical Methods In Social Sciences,Robotics
,Emergency Medicine,"Materials Science, Multidisciplinary",Psychology,Science & TechnologyÂ Other Topics
,Endocrinology & Metabolism,"Physics, Atomic, Molecular & Chemical",Public Administration,Spectroscopy
,Entomology,"Geosciences, Multidisciplinary",Social Issues,Telecommunications
,Environmental Sciences & Ecology,"Physics, Condensed Matter",Social Sciences Other Topics,Transportation
,Evolutionary Biology,"Chemistry, Multidisciplinary",Social Work,"Engineering, Mechanical"
,Fisheries,"Chemistry, Physical",Sociology,"Physics, Applied"
,Food Science & Technology,"Chemistry, Inorganic & Nuclear",Urban Studies,Green & Sustainable Science & Technology
,Forestry,"Physics, Mathematical",Women's Studies,"Engineering, Electrical & Electronic"
,Gastroenterology & Hepatology,"Chemistry, Analytical",Environmental Studies,"Engineering, Chemical"
,General & Internal Medicine,"Physics, Particles & Fields",Agricultural Economics & Policy,"Mathematics, Applied"
,Genetics & Heredity,Statistics & Probability,Economics,"Engineering, Environmental"
,Geriatrics & Gerontology,"Physics, Multidisciplinary",Law,Agricultural Engineering
,Health Care Sciences & Services,Multidisciplinary Sciences,Regional & Urban Planning,"Chemistry, Applied"
,Hematology,Quantum Science & Technology,"Social Sciences, Interdisciplinary","Computer Science, Artificial Intelligence"
,Immunology,Logic,Management,Nanoscience & Nanotechnology
,Infectious Diseases,,"Business, Finance","Engineering, Aerospace"
,Integrative & Complementary Medicine,,"Social Sciences, Mathematical Methods","Computer Science, Hardware & Architecture"
,Legal Medicine,,Political Science,"Computer Science, Information Systems"
,Life Sciences Biomedicine Other Topics,,"Social Sciences, Biomedical","Computer Science, Software Engineering"
,Marine & Freshwater Biology,,,"Computer Science, Theory & Methods"
,Mathematical & Computational Biology,,,"Computer Science, Interdisciplinary Applications"
,Medical Ethics,,,"Engineering, Civil"
,Medical Informatics,,,"Materials Science, Textiles"
,Medical Laboratory Technology,,,"Materials Science, Composites"
,Microbiology,,,Transportation Science & Technology
,Mycology,,,
,Neurosciences & Neurology,,,
,Nursing,,,
,Nutrition & Dietetics,,,
,Obstetrics & Gynecology,,,
,Oncology,,,
,Ophthalmology,,,
,Orthopedics,,,
,Otorhinolaryngology,,,
,Paleontology,,,
,Parasitology,,,
,Pathology,,,
,Pediatrics,,,
,Pharmacology & Pharmacy,,,
,Physiology,,,
,Plant Sciences,,,
,Psychiatry,,,
,"Public, Environmental & Occupational Health",,,
,"Radiology, Nuclear Medicine & Medical Imaging",,,
,Rehabilitation,,,
,Reproductive Biology,,,
,Research & Experimental Medicine,,,
,Respiratory System,,,
,Rheumatology,,,
,Sport Sciences,,,
,Substance Abuse,,,
,Surgery,,,
,Toxicology,,,
,Transplantation,,,
,Tropical Medicine,,,
,Urology & Nephrology,,,
,Veterinary Sciences,,,
,Virology,,,
,Zoology,,,
,Biology,,,
,Ecology,,,
,Biodiversity Conservation,,,
,"Chemistry, Organic",,,
,Horticulture,,,
,Agronomy,,,
,Soil Science,,,
,Limnology,,,
,"Medicine, Research & Experimental",,,
,Biochemical Research Methods,,,
,Primary Health Care,,,
,Health Policy & Services,,,
,Cardiac & Cardiovascular Systems,,,
,Cell & Tissue Engineering,,,
,Ornithology,,,
,Peripheral Vascular Disease,,,
,Ergonomics,,,
